<?xml version="1.0" encoding="UTF-8"?>
<project-private xmlns="http://www.netbeans.org/ns/project-private/1">
    <editor-bookmarks xmlns="http://www.netbeans.org/ns/editor-bookmarks/2" lastBookmarkId="2">
        <file>
            <url>src/project1/Editor_In_Chief.java</url>
            <bookmark id="1">
                <name/>
                <line>7</line>
                <key/>
            </bookmark>
        </file>
        <file>
            <url>src/project1/Publisher.java</url>
            <bookmark id="2">
                <name/>
                <line>287</line>
                <key/>
            </bookmark>
        </file>
    </editor-bookmarks>
    <open-files xmlns="http://www.netbeans.org/ns/projectui-open-files/2">
        <group>
            <file>file:/C:/Users/Marinos/Desktop/Project1/Project1/src/project1/Editor_In_Chief.java</file>
        </group>
    </open-files>
</project-private>
